{
  "scenario": {
    "year": 2023,
    "race_name": "Monaco Grand Prix",
    "driver_code": "VER",
    "race_info": {
      "total_laps": 75,
      "compounds_used": [
        "MEDIUM",
        "INTERMEDIATE"
      ],
      "avg_lap_time": 82.81392,
      "best_lap_time": 76.604,
      "worst_lap_time": 103.791
    }
  },
  "model_parameters": {
    "T_base": 76.06019480728914,
    "fuel_effect_coeff": 0.035,
    "degradation_coeffs": {
      "MEDIUM": 0.11051999677471375,
      "INTERMEDIATE": 0.05
    },
    "alpha_coeffs": {
      "MEDIUM": 0.0,
      "INTERMEDIATE": -0.5
    },
    "pit_stop_time": 25.0,
    "total_laps": 75
  },
  "genetic_algorithm": {
    "best_strategy": [
      [
        10,
        "INTERMEDIATE"
      ],
      [
        39,
        "INTERMEDIATE"
      ],
      [
        67,
        "MEDIUM"
      ]
    ],
    "best_time": 5673.422050314464,
    "execution_time": 0.18683910369873047,
    "fitness_history": [
      0.00017624517323927663,
      0.00017624517323927663,
      0.00017624517323927663,
      0.00017624517323927663,
      0.00017624517323927663,
      0.00017624517323927663,
      0.00017624517323927663,
      0.00017624517323927663,
      0.000176254492440343,
      0.000176254492440343,
      0.000176254492440343,
      0.000176254492440343,
      0.000176254492440343,
      0.000176254492440343,
      0.000176254492440343,
      0.000176254492440343,
      0.000176254492440343,
      0.000176254492440343,
      0.000176254492440343,
      0.000176254492440343,
      0.000176254492440343,
      0.000176254492440343,
      0.000176254492440343,
      0.000176254492440343,
      0.000176254492440343,
      0.000176254492440343,
      0.000176254492440343,
      0.000176254492440343,
      0.000176254492440343,
      0.000176254492440343,
      0.000176254492440343,
      0.00017625841798351406,
      0.00017625841798351406,
      0.00017625841798351406,
      0.00017625841798351406,
      0.00017625841798351406,
      0.00017625841798351406,
      0.00017625841798351406,
      0.00017625841798351406,
      0.00017625841798351406,
      0.00017625841798351406,
      0.00017625841798351406,
      0.00017625841798351406,
      0.00017625841798351406,
      0.00017625841798351406,
      0.00017625841798351406,
      0.00017625841798351406,
      0.00017625841798351406,
      0.00017625841798351406,
      0.00017625841798351406,
      0.00017625841798351406,
      0.00017625841798351406,
      0.00017625841798351406,
      0.00017625841798351406,
      0.00017625841798351406,
      0.00017625841798351406,
      0.00017625841798351406,
      0.00017625841798351406,
      0.00017625841798351406,
      0.00017625841798351406,
      0.00017625841798351406,
      0.00017625841798351406,
      0.00017625841798351406,
      0.00017625841798351406,
      0.00017625997134869924,
      0.00017625997134869924,
      0.00017625997134869924,
      0.00017625997134869924,
      0.00017625997134869924,
      0.00017625997134869924,
      0.00017625997134869924,
      0.00017625997134869924,
      0.00017625997134869924,
      0.00017625997134869924,
      0.00017625997134869924,
      0.00017625997134869924,
      0.00017625997134869924,
      0.00017625997134869924,
      0.00017625997134869924,
      0.00017625997134869924,
      0.00017625997134869924,
      0.00017625997134869924,
      0.00017625997134869924,
      0.00017625997134869924,
      0.00017625997134869924,
      0.00017625997134869924,
      0.00017625997134869924,
      0.00017625997134869924,
      0.00017625997134869924,
      0.0001762604634613024,
      0.0001762604634613024,
      0.0001762604634613024,
      0.0001762604634613024,
      0.0001762604634613024,
      0.0001762604634613024,
      0.0001762604634613024,
      0.0001762604634613024,
      0.0001762604634613024,
      0.0001762604634613024,
      0.0001762604634613024,
      0.0001762604634613024
    ]
  },
  "ant_colony": {
    "best_strategy": [
      [
        14,
        "INTERMEDIATE"
      ],
      [
        33,
        "INTERMEDIATE"
      ],
      [
        55,
        "INTERMEDIATE"
      ]
    ],
    "best_time": 5662.985170295113,
    "execution_time": 0.4184739589691162,
    "fitness_history": [
      0.0001761140708746672,
      0.0001761140708746672,
      0.00017611749139998076,
      0.00017611749139998076,
      0.00017636735286584963,
      0.00017636735286584963,
      0.00017636735286584963,
      0.00017636735286584963,
      0.0001765853114441208,
      0.0001765853114441208,
      0.0001765853114441208,
      0.0001765853114441208,
      0.0001765853114441208,
      0.0001765853114441208,
      0.0001765853114441208,
      0.0001765853114441208,
      0.0001765853114441208,
      0.0001765853114441208,
      0.0001765853114441208,
      0.0001765853114441208,
      0.0001765853114441208,
      0.0001765853114441208,
      0.0001765853114441208,
      0.0001765853114441208,
      0.0001765853114441208,
      0.0001765853114441208,
      0.0001765853114441208,
      0.0001765853114441208,
      0.0001765853114441208,
      0.0001765853114441208,
      0.0001765853114441208,
      0.0001765853114441208,
      0.0001765853114441208,
      0.0001765853114441208,
      0.0001765853114441208,
      0.0001765853114441208,
      0.0001765853114441208,
      0.0001765853114441208,
      0.0001765853114441208,
      0.0001765853114441208,
      0.0001765853114441208,
      0.0001765853114441208,
      0.0001765853114441208,
      0.0001765853114441208,
      0.0001765853114441208,
      0.0001765853114441208,
      0.0001765853114441208,
      0.0001765853114441208,
      0.0001765853114441208,
      0.0001765853114441208
    ]
  },
  "timestamp": "2025-07-30T22:26:33.729311"
}