{
  "scenario": {
    "year": 2023,
    "race_name": "Brazil Grand Prix",
    "driver_code": "VER",
    "race_info": {
      "total_laps": 64,
      "compounds_used": [
        "SOFT",
        "MEDIUM"
      ],
      "avg_lap_time": 76.20029687499999,
      "best_lap_time": 73.422,
      "worst_lap_time": 132.67
    }
  },
  "model_parameters": {
    "T_base": 80.94620095663865,
    "fuel_effect_coeff": 0.035,
    "degradation_coeffs": {
      "SOFT": 0.15,
      "MEDIUM": 0.036485958485958606
    },
    "alpha_coeffs": {
      "SOFT": 0.0,
      "MEDIUM": 4.702194037631713
    },
    "pit_stop_time": 25.0,
    "total_laps": 64
  },
  "genetic_algorithm": {
    "best_strategy": [
      [
        25,
        "SOFT"
      ],
      [
        24,
        "MEDIUM"
      ],
      [
        47,
        "SOFT"
      ]
    ],
    "best_time": 5258.009055262506,
    "execution_time": 0.1468510627746582,
    "fitness_history": [
      0.0001895295211599301,
      0.0001895295211599301,
      0.0001895295211599301,
      0.00018955337046269524,
      0.00018976919881016208,
      0.00018976919881016208,
      0.00018976919881016208,
      0.00018976919881016208,
      0.00018976919881016208,
      0.00018976919881016208,
      0.00018976919881016208,
      0.00018976919881016208,
      0.00018976919881016208,
      0.00018976919881016208,
      0.00018976919881016208,
      0.00018976919881016208,
      0.00018976919881016208,
      0.00018976919881016208,
      0.00018976919881016208,
      0.00018976919881016208,
      0.00018976919881016208,
      0.00018976919881016208,
      0.00018976919881016208,
      0.00018976919881016208,
      0.00018976919881016208,
      0.00018976919881016208,
      0.00018976919881016208,
      0.00018976919881016208,
      0.00018976919881016208,
      0.00018976919881016208,
      0.00018976919881016208,
      0.00018976919881016208,
      0.00019018605511893227,
      0.00019018605511893227,
      0.00019018605511893227,
      0.00019018605511893227,
      0.00019018605511893227,
      0.00019018605511893227,
      0.00019018605511893227,
      0.00019018605511893227,
      0.00019018605511893227,
      0.00019018605511893227,
      0.00019018605511893227,
      0.00019018605511893227,
      0.00019018605511893227,
      0.00019018605511893227,
      0.00019018605511893227,
      0.00019018605511893227,
      0.00019018605511893227,
      0.00019018605511893227,
      0.00019018605511893227,
      0.00019018605511893227,
      0.00019018605511893227,
      0.00019018605511893227,
      0.00019018605511893227,
      0.00019018605511893227,
      0.00019018605511893227,
      0.00019018605511893227,
      0.00019018605511893227,
      0.00019018605511893227,
      0.00019018605511893227,
      0.00019018605511893227,
      0.00019018605511893227,
      0.00019018605511893227,
      0.00019018605511893227,
      0.00019018605511893227,
      0.00019018605511893227,
      0.00019018605511893227,
      0.00019018605511893227,
      0.00019018605511893227,
      0.00019018605511893227,
      0.00019018605511893227,
      0.00019018605511893227,
      0.00019018605511893227,
      0.00019018605511893227,
      0.00019018605511893227,
      0.00019018605511893227,
      0.00019018605511893227,
      0.00019018605511893227,
      0.00019018605511893227,
      0.00019018605511893227,
      0.00019018605511893227,
      0.00019018605511893227,
      0.00019018605511893227,
      0.00019018605511893227,
      0.00019018605511893227,
      0.00019018605511893227,
      0.00019018605511893227,
      0.00019018605511893227,
      0.00019018605511893227,
      0.00019018605511893227,
      0.00019018605511893227,
      0.00019018605511893227,
      0.00019018605511893227,
      0.00019018605511893227,
      0.00019018605511893227,
      0.00019018605511893227,
      0.00019018605511893227,
      0.00019018605511893227,
      0.00019018605511893227,
      0.00019018605511893227
    ]
  },
  "ant_colony": {
    "best_strategy": [
      [
        9,
        "SOFT"
      ],
      [
        26,
        "SOFT"
      ],
      [
        46,
        "SOFT"
      ]
    ],
    "best_time": 5236.506861224874,
    "execution_time": 0.4278090000152588,
    "fitness_history": [
      0.00018950169209253805,
      0.00018950169209253805,
      0.00019071569810747004,
      0.00019071569810747004,
      0.00019071569810747004,
      0.00019071569810747004,
      0.00019071569810747004,
      0.00019071569810747004,
      0.00019071569810747004,
      0.00019071569810747004,
      0.00019071569810747004,
      0.00019071569810747004,
      0.00019071569810747004,
      0.00019071569810747004,
      0.0001907593550717577,
      0.0001907593550717577,
      0.0001907593550717577,
      0.0001907593550717577,
      0.0001907593550717577,
      0.0001907593550717577,
      0.0001907593550717577,
      0.0001907593550717577,
      0.0001909505895311327,
      0.0001909505895311327,
      0.0001909505895311327,
      0.0001909505895311327,
      0.0001909505895311327,
      0.0001909505895311327,
      0.000190966998898592,
      0.000190966998898592,
      0.000190966998898592,
      0.000190966998898592,
      0.000190966998898592,
      0.000190966998898592,
      0.000190966998898592,
      0.000190966998898592,
      0.000190966998898592,
      0.000190966998898592,
      0.000190966998898592,
      0.000190966998898592,
      0.000190966998898592,
      0.000190966998898592,
      0.000190966998898592,
      0.000190966998898592,
      0.000190966998898592,
      0.000190966998898592,
      0.000190966998898592,
      0.000190966998898592,
      0.000190966998898592,
      0.000190966998898592
    ]
  },
  "timestamp": "2025-07-30T23:32:59.350722"
}